Frequency,year,Area,State,crop,Unit,Volume
"Annual, Ending mar Of Each Year", 3-2005,3.09,AndhraPradesh,Rice,Ton th,9601.0
"Annual, Ending mar Of Each Year", 3-2006,3.98,AndhraPradesh,Rice,Ton th,11704.0
"Annual, Ending mar Of Each Year", 3-2007,3.98,AndhraPradesh,Rice,Ton th,11872.0
"Annual, Ending mar Of Each Year", 3-2008,3.98,AndhraPradesh,Rice,Ton th,13324.0
"Annual, Ending mar Of Each Year", 3-2009,4.39,AndhraPradesh,Rice,Ton th,14241.0
"Annual, Ending mar Of Each Year", 3-2010,3.441,AndhraPradesh,Rice,Ton th,10538.0
"Annual, Ending mar Of Each Year", 3-2011,4.751,AndhraPradesh,Rice,Ton th,14418.0
"Annual, Ending mar Of Each Year", 3-2012,4.1,AndhraPradesh,Rice,Ton th,12900.0
"Annual, Ending mar Of Each Year", 3-2013,3.49,AndhraPradesh,Rice,Ton th,10910.0
"Annual, Ending mar Of Each Year", 3-2005,2.38,Assam,Rice,Ton th,3470.7
"Annual, Ending mar Of Each Year", 3-2006,2.42,Assam,Rice,Ton th,3552.5
"Annual, Ending mar Of Each Year", 3-2007,2.19,Assam,Rice,Ton th,2916.0
"Annual, Ending mar Of Each Year", 3-2008,2.32,Assam,Rice,Ton th,3319.0
"Annual, Ending mar Of Each Year", 3-2009,2.48,Assam,Rice,Ton th,4008.5
"Annual, Ending mar Of Each Year", 3-2010,2.4958,Assam,Rice,Ton th,4335.8
"Annual, Ending mar Of Each Year", 3-2011,2.57,Assam,Rice,Ton th,4737.0
"Annual, Ending mar Of Each Year", 3-2012,2.54,Assam,Rice,Ton th,4520.0
"Annual, Ending mar Of Each Year", 3-2013,2.24,Assam,Rice,Ton th,4560.0
"Annual, Ending mar Of Each Year", 3-2005,3.12,Bihar,Rice,Ton th,2472.2
"Annual, Ending mar Of Each Year", 3-2006,3.25,Bihar,Rice,Ton th,3495.5
"Annual, Ending mar Of Each Year", 3-2007,3.36,Bihar,Rice,Ton th,4989.3
"Annual, Ending mar Of Each Year", 3-2008,3.57,Bihar,Rice,Ton th,4418.1
"Annual, Ending mar Of Each Year", 3-2009,3.5,Bihar,Rice,Ton th,5590.3
"Annual, Ending mar Of Each Year", 3-2010,3.2137,Bihar,Rice,Ton th,3599.3
"Annual, Ending mar Of Each Year", 3-2011,2.833,Bihar,Rice,Ton th,3102.0
"Annual, Ending mar Of Each Year", 3-2012,3.32,Bihar,Rice,Ton th,7160.0
"Annual, Ending mar Of Each Year", 3-2013,3.25,Bihar,Rice,Ton th,7340.0
"Annual, Ending mar Of Each Year", 3-2005,3.75,Chhattisgarh,Rice,Ton th,4383.3
"Annual, Ending mar Of Each Year", 3-2006,3.75,Chhattisgarh,Rice,Ton th,5011.6
"Annual, Ending mar Of Each Year", 3-2007,3.72,Chhattisgarh,Rice,Ton th,5041.4
"Annual, Ending mar Of Each Year", 3-2008,3.75,Chhattisgarh,Rice,Ton th,5426.6
"Annual, Ending mar Of Each Year", 3-2009,3.73,Chhattisgarh,Rice,Ton th,4391.8
"Annual, Ending mar Of Each Year", 3-2010,3.6707,Chhattisgarh,Rice,Ton th,4110.4
"Annual, Ending mar Of Each Year", 3-2011,3.703,Chhattisgarh,Rice,Ton th,6159.0
"Annual, Ending mar Of Each Year", 3-2012,3.77,Chhattisgarh,Rice,Ton th,6030.0
"Annual, Ending mar Of Each Year", 3-2013,3.78,Chhattisgarh,Rice,Ton th,6610.0
"Annual, Ending mar Of Each Year", 3-2005,0.69,Gujarat,Rice,Ton th,1238.2
"Annual, Ending mar Of Each Year", 3-2006,0.67,Gujarat,Rice,Ton th,1298.0
"Annual, Ending mar Of Each Year", 3-2007,0.73,Gujarat,Rice,Ton th,1390.0
"Annual, Ending mar Of Each Year", 3-2008,0.76,Gujarat,Rice,Ton th,1474.0
"Annual, Ending mar Of Each Year", 3-2009,0.75,Gujarat,Rice,Ton th,1303.0
"Annual, Ending mar Of Each Year", 3-2010,0.679,Gujarat,Rice,Ton th,1292.0
"Annual, Ending mar Of Each Year", 3-2011,0.808,Gujarat,Rice,Ton th,1497.0
"Annual, Ending mar Of Each Year", 3-2012,0.84,Gujarat,Rice,Ton th,1790.0
"Annual, Ending mar Of Each Year", 3-2013,0.7,Gujarat,Rice,Ton th,1500.0
"Annual, Ending mar Of Each Year", 3-2005,1.03,Haryana,Rice,Ton th,3023.0
"Annual, Ending mar Of Each Year", 3-2006,1.05,Haryana,Rice,Ton th,3210.0
"Annual, Ending mar Of Each Year", 3-2007,1.04,Haryana,Rice,Ton th,3371.0
"Annual, Ending mar Of Each Year", 3-2008,1.08,Haryana,Rice,Ton th,3613.0
"Annual, Ending mar Of Each Year", 3-2009,1.21,Haryana,Rice,Ton th,3298.0
"Annual, Ending mar Of Each Year", 3-2010,1.205,Haryana,Rice,Ton th,3625.0
"Annual, Ending mar Of Each Year", 3-2011,1.245,Haryana,Rice,Ton th,3472.0
"Annual, Ending mar Of Each Year", 3-2012,1.24,Haryana,Rice,Ton th,3760.0
"Annual, Ending mar Of Each Year", 3-2013,1.22,Haryana,Rice,Ton th,3980.0
"Annual, Ending mar Of Each Year", 3-2005,1.31,Karnataka,Rice,Ton th,3547.0
"Annual, Ending mar Of Each Year", 3-2006,1.49,Karnataka,Rice,Ton th,5744.0
"Annual, Ending mar Of Each Year", 3-2007,1.4,Karnataka,Rice,Ton th,3446.0
"Annual, Ending mar Of Each Year", 3-2008,1.42,Karnataka,Rice,Ton th,3717.0
"Annual, Ending mar Of Each Year", 3-2009,1.51,Karnataka,Rice,Ton th,3802.0
"Annual, Ending mar Of Each Year", 3-2010,1.487,Karnataka,Rice,Ton th,3691.0
"Annual, Ending mar Of Each Year", 3-2011,1.54,Karnataka,Rice,Ton th,4188.0
"Annual, Ending mar Of Each Year", 3-2012,1.42,Karnataka,Rice,Ton th,3960.0
"Annual, Ending mar Of Each Year", 3-2013,1.27,Karnataka,Rice,Ton th,3280.0
"Annual, Ending mar Of Each Year", 3-2005,0.29,Kerala,Rice,Ton th,667.1
"Annual, Ending mar Of Each Year", 3-2006,0.28,Kerala,Rice,Ton th,629.9
"Annual, Ending mar Of Each Year", 3-2007,0.26,Kerala,Rice,Ton th,631.0
"Annual, Ending mar Of Each Year", 3-2008,0.23,Kerala,Rice,Ton th,528.5
"Annual, Ending mar Of Each Year", 3-2009,0.23,Kerala,Rice,Ton th,590.3
"Annual, Ending mar Of Each Year", 3-2010,0.234,Kerala,Rice,Ton th,598.3
"Annual, Ending mar Of Each Year", 3-2011,0.213,Kerala,Rice,Ton th,523.0
"Annual, Ending mar Of Each Year", 3-2012,0.21,Kerala,Rice,Ton th,570.0
"Annual, Ending mar Of Each Year", 3-2013,0.2,Kerala,Rice,Ton th,530.0
"Annual, Ending mar Of Each Year", 3-2005,1.62,MadhyaPradesh,Rice,Ton th,1169.0
"Annual, Ending mar Of Each Year", 3-2006,1.66,MadhyaPradesh,Rice,Ton th,1656.3
"Annual, Ending mar Of Each Year", 3-2007,1.66,MadhyaPradesh,Rice,Ton th,1368.4
"Annual, Ending mar Of Each Year", 3-2008,1.56,MadhyaPradesh,Rice,Ton th,1461.9
"Annual, Ending mar Of Each Year", 3-2009,1.68,MadhyaPradesh,Rice,Ton th,1559.7
"Annual, Ending mar Of Each Year", 3-2010,1.4457,MadhyaPradesh,Rice,Ton th,1260.6
"Annual, Ending mar Of Each Year", 3-2011,1.603,MadhyaPradesh,Rice,Ton th,1772.0
"Annual, Ending mar Of Each Year", 3-2012,1.66,MadhyaPradesh,Rice,Ton th,2230.0
"Annual, Ending mar Of Each Year", 3-2013,1.88,MadhyaPradesh,Rice,Ton th,2780.0
"Annual, Ending mar Of Each Year", 3-2005,1.52,Maharashtra,Rice,Ton th,2164.0
"Annual, Ending mar Of Each Year", 3-2006,1.52,Maharashtra,Rice,Ton th,2695.0
"Annual, Ending mar Of Each Year", 3-2007,1.53,Maharashtra,Rice,Ton th,2569.0
"Annual, Ending mar Of Each Year", 3-2008,1.57,Maharashtra,Rice,Ton th,2996.0
"Annual, Ending mar Of Each Year", 3-2009,1.52,Maharashtra,Rice,Ton th,2284.0
"Annual, Ending mar Of Each Year", 3-2010,1.47,Maharashtra,Rice,Ton th,2183.0
"Annual, Ending mar Of Each Year", 3-2011,1.518,Maharashtra,Rice,Ton th,2696.0
"Annual, Ending mar Of Each Year", 3-2012,1.54,Maharashtra,Rice,Ton th,2840.0
"Annual, Ending mar Of Each Year", 3-2013,1.55,Maharashtra,Rice,Ton th,3040.0
"Annual, Ending mar Of Each Year", 3-2005,4.47,Orissa,Rice,Ton th,6466.0
"Annual, Ending mar Of Each Year", 3-2006,4.48,Orissa,Rice,Ton th,6859.0
"Annual, Ending mar Of Each Year", 3-2007,4.45,Orissa,Rice,Ton th,6824.7
"Annual, Ending mar Of Each Year", 3-2008,4.45,Orissa,Rice,Ton th,7540.7
"Annual, Ending mar Of Each Year", 3-2009,4.45,Orissa,Rice,Ton th,6812.7
"Annual, Ending mar Of Each Year", 3-2010,4.3651,Orissa,Rice,Ton th,6917.5
"Annual, Ending mar Of Each Year", 3-2011,4.226,Orissa,Rice,Ton th,6828.0
"Annual, Ending mar Of Each Year", 3-2012,4.0,Orissa,Rice,Ton th,6830.0
"Annual, Ending mar Of Each Year", 3-2013,4.03,Orissa,Rice,Ton th,7640.0
"Annual, Ending mar Of Each Year", 3-2005,2.65,Punjab,Rice,Ton th,10437.0
"Annual, Ending mar Of Each Year", 3-2006,2.64,Punjab,Rice,Ton th,10193.0
"Annual, Ending mar Of Each Year", 3-2007,2.62,Punjab,Rice,Ton th,10138.0
"Annual, Ending mar Of Each Year", 3-2008,2.61,Punjab,Rice,Ton th,10489.0
"Annual, Ending mar Of Each Year", 3-2009,2.74,Punjab,Rice,Ton th,11000.0
"Annual, Ending mar Of Each Year", 3-2010,2.802,Punjab,Rice,Ton th,11236.0
"Annual, Ending mar Of Each Year", 3-2011,2.831,Punjab,Rice,Ton th,10837.0
"Annual, Ending mar Of Each Year", 3-2012,2.82,Punjab,Rice,Ton th,10540.0
"Annual, Ending mar Of Each Year", 3-2013,2.85,Punjab,Rice,Ton th,11370.0
"Annual, Ending mar Of Each Year", 3-2005,1.87,TamilNadu,Rice,Ton th,5062.2
"Annual, Ending mar Of Each Year", 3-2006,2.05,TamilNadu,Rice,Ton th,5220.0
"Annual, Ending mar Of Each Year", 3-2007,1.93,TamilNadu,Rice,Ton th,6610.6
"Annual, Ending mar Of Each Year", 3-2008,1.79,TamilNadu,Rice,Ton th,5040.2
"Annual, Ending mar Of Each Year", 3-2009,1.93,TamilNadu,Rice,Ton th,5182.7
"Annual, Ending mar Of Each Year", 3-2010,1.8455,TamilNadu,Rice,Ton th,5665.2
"Annual, Ending mar Of Each Year", 3-2011,1.906,TamilNadu,Rice,Ton th,5792.0
"Annual, Ending mar Of Each Year", 3-2012,1.9,TamilNadu,Rice,Ton th,7460.0
"Annual, Ending mar Of Each Year", 3-2013,1.58,TamilNadu,Rice,Ton th,4400.0
"Annual, Ending mar Of Each Year", 3-2005,5.34,UttarPradesh,Rice,Ton th,9555.6
"Annual, Ending mar Of Each Year", 3-2006,5.58,UttarPradesh,Rice,Ton th,11133.7
"Annual, Ending mar Of Each Year", 3-2007,5.92,UttarPradesh,Rice,Ton th,11124.0
"Annual, Ending mar Of Each Year", 3-2008,5.71,UttarPradesh,Rice,Ton th,11780.0
"Annual, Ending mar Of Each Year", 3-2009,6.03,UttarPradesh,Rice,Ton th,13097.0
"Annual, Ending mar Of Each Year", 3-2010,5.1867,UttarPradesh,Rice,Ton th,10807.1
"Annual, Ending mar Of Each Year", 3-2011,5.657,UttarPradesh,Rice,Ton th,11992.0
"Annual, Ending mar Of Each Year", 3-2012,5.95,UttarPradesh,Rice,Ton th,14020.0
"Annual, Ending mar Of Each Year", 3-2013,5.86,UttarPradesh,Rice,Ton th,14410.0
"Annual, Ending mar Of Each Year", 3-2005,5.78,WestBengal,Rice,Ton th,14884.8
"Annual, Ending mar Of Each Year", 3-2006,5.78,WestBengal,Rice,Ton th,14510.8
"Annual, Ending mar Of Each Year", 3-2007,5.69,WestBengal,Rice,Ton th,14745.9
"Annual, Ending mar Of Each Year", 3-2008,5.72,WestBengal,Rice,Ton th,14719.5
"Annual, Ending mar Of Each Year", 3-2009,5.94,WestBengal,Rice,Ton th,15037.2
"Annual, Ending mar Of Each Year", 3-2010,5.6301,WestBengal,Rice,Ton th,14340.7
"Annual, Ending mar Of Each Year", 3-2011,4.944,WestBengal,Rice,Ton th,13046.0
"Annual, Ending mar Of Each Year", 3-2012,5.43,WestBengal,Rice,Ton th,14610.0
"Annual, Ending mar Of Each Year", 3-2013,5.43,WestBengal,Rice,Ton th,14960.0
"Annual, Ending mar Of Each Year", 3-2005,0.06,Assam,Wheat,Ton th,68.1
"Annual, Ending mar Of Each Year", 3-2006,0.05,Assam,Wheat,Ton th,53.7
"Annual, Ending mar Of Each Year", 3-2007,0.06,Assam,Wheat,Ton th,67.0
"Annual, Ending mar Of Each Year", 3-2008,0.06,Assam,Wheat,Ton th,71.0
"Annual, Ending mar Of Each Year", 3-2009,0.05,Assam,Wheat,Ton th,54.6
"Annual, Ending mar Of Each Year", 3-2010,0.0584,Assam,Wheat,Ton th,63.5
"Annual, Ending mar Of Each Year", 3-2011,0.045,Assam,Wheat,Ton th,53.0
"Annual, Ending mar Of Each Year", 3-2012,0.05,Assam,Wheat,Ton th,60.0
"Annual, Ending mar Of Each Year", 3-2013,0.05,Assam,Wheat,Ton th,60.0
"Annual, Ending mar Of Each Year", 3-2005,2.03,Bihar,Wheat,Ton th,3263.4
"Annual, Ending mar Of Each Year", 3-2006,2.0,Bihar,Wheat,Ton th,3239.0
"Annual, Ending mar Of Each Year", 3-2007,2.05,Bihar,Wheat,Ton th,3911.4
"Annual, Ending mar Of Each Year", 3-2008,2.16,Bihar,Wheat,Ton th,4450.4
"Annual, Ending mar Of Each Year", 3-2009,2.16,Bihar,Wheat,Ton th,4410.0
"Annual, Ending mar Of Each Year", 3-2010,2.1933,Bihar,Wheat,Ton th,4570.8
"Annual, Ending mar Of Each Year", 3-2011,2.104,Bihar,Wheat,Ton th,4098.0
"Annual, Ending mar Of Each Year", 3-2012,2.14,Bihar,Wheat,Ton th,4730.0
"Annual, Ending mar Of Each Year", 3-2013,2.22,Bihar,Wheat,Ton th,5380.0
"Annual, Ending mar Of Each Year", 3-2005,0.73,Gujarat,Wheat,Ton th,1805.5
"Annual, Ending mar Of Each Year", 3-2006,0.92,Gujarat,Wheat,Ton th,2473.0
"Annual, Ending mar Of Each Year", 3-2007,1.2,Gujarat,Wheat,Ton th,3000.0
"Annual, Ending mar Of Each Year", 3-2008,1.27,Gujarat,Wheat,Ton th,3838.0
"Annual, Ending mar Of Each Year", 3-2009,1.09,Gujarat,Wheat,Ton th,2593.0
"Annual, Ending mar Of Each Year", 3-2010,0.878,Gujarat,Wheat,Ton th,2352.0
"Annual, Ending mar Of Each Year", 3-2011,1.274,Gujarat,Wheat,Ton th,4020.0
"Annual, Ending mar Of Each Year", 3-2012,1.35,Gujarat,Wheat,Ton th,4070.0
"Annual, Ending mar Of Each Year", 3-2013,1.05,Gujarat,Wheat,Ton th,3140.0
"Annual, Ending mar Of Each Year", 3-2005,2.32,Haryana,Wheat,Ton th,9058.0
"Annual, Ending mar Of Each Year", 3-2006,2.3,Haryana,Wheat,Ton th,8857.0
"Annual, Ending mar Of Each Year", 3-2007,2.38,Haryana,Wheat,Ton th,10055.0
"Annual, Ending mar Of Each Year", 3-2008,2.46,Haryana,Wheat,Ton th,10236.0
"Annual, Ending mar Of Each Year", 3-2009,2.46,Haryana,Wheat,Ton th,10808.2
"Annual, Ending mar Of Each Year", 3-2010,2.492,Haryana,Wheat,Ton th,10500.0
"Annual, Ending mar Of Each Year", 3-2011,2.515,Haryana,Wheat,Ton th,11630.0
"Annual, Ending mar Of Each Year", 3-2012,2.52,Haryana,Wheat,Ton th,12690.0
"Annual, Ending mar Of Each Year", 3-2013,2.5,Haryana,Wheat,Ton th,11120.0
"Annual, Ending mar Of Each Year", 3-2005,0.36,HimachalPradesh,Wheat,Ton th,684.0
"Annual, Ending mar Of Each Year", 3-2006,0.36,HimachalPradesh,Wheat,Ton th,679.0
"Annual, Ending mar Of Each Year", 3-2007,0.36,HimachalPradesh,Wheat,Ton th,501.6
"Annual, Ending mar Of Each Year", 3-2008,0.37,HimachalPradesh,Wheat,Ton th,504.4
"Annual, Ending mar Of Each Year", 3-2009,0.36,HimachalPradesh,Wheat,Ton th,547.3
"Annual, Ending mar Of Each Year", 3-2010,0.3525,HimachalPradesh,Wheat,Ton th,327.1
"Annual, Ending mar Of Each Year", 3-2011,0.357,HimachalPradesh,Wheat,Ton th,547.0
"Annual, Ending mar Of Each Year", 3-2012,0.36,HimachalPradesh,Wheat,Ton th,600.0
"Annual, Ending mar Of Each Year", 3-2013,0.36,HimachalPradesh,Wheat,Ton th,540.0
"Annual, Ending mar Of Each Year", 3-2005,0.25,JammuandKashmir,Wheat,Ton th,474.4
"Annual, Ending mar Of Each Year", 3-2006,0.25,JammuandKashmir,Wheat,Ton th,444.0
"Annual, Ending mar Of Each Year", 3-2007,0.26,JammuandKashmir,Wheat,Ton th,492.2
"Annual, Ending mar Of Each Year", 3-2008,0.28,JammuandKashmir,Wheat,Ton th,495.9
"Annual, Ending mar Of Each Year", 3-2009,0.28,JammuandKashmir,Wheat,Ton th,483.6
"Annual, Ending mar Of Each Year", 3-2010,0.2889,JammuandKashmir,Wheat,Ton th,289.9
"Annual, Ending mar Of Each Year", 3-2011,0.291,JammuandKashmir,Wheat,Ton th,446.0
"Annual, Ending mar Of Each Year", 3-2012,0.3,JammuandKashmir,Wheat,Ton th,500.0
"Annual, Ending mar Of Each Year", 3-2013,0.3,JammuandKashmir,Wheat,Ton th,420.0
"Annual, Ending mar Of Each Year", 3-2005,0.06,Jharkhand,Wheat,Ton th,150.0
"Annual, Ending mar Of Each Year", 3-2006,0.06,Jharkhand,Wheat,Ton th,77.7
"Annual, Ending mar Of Each Year", 3-2007,0.08,Jharkhand,Wheat,Ton th,128.9
"Annual, Ending mar Of Each Year", 3-2008,0.09,Jharkhand,Wheat,Ton th,139.9
"Annual, Ending mar Of Each Year", 3-2009,0.1,Jharkhand,Wheat,Ton th,153.9
"Annual, Ending mar Of Each Year", 3-2010,0.0997,Jharkhand,Wheat,Ton th,173.2
"Annual, Ending mar Of Each Year", 3-2011,0.096,Jharkhand,Wheat,Ton th,158.0
"Annual, Ending mar Of Each Year", 3-2012,0.16,Jharkhand,Wheat,Ton th,300.0
"Annual, Ending mar Of Each Year", 3-2013,0.16,Jharkhand,Wheat,Ton th,270.0
"Annual, Ending mar Of Each Year", 3-2005,0.24,Karnataka,Wheat,Ton th,179.0
"Annual, Ending mar Of Each Year", 3-2006,0.25,Karnataka,Wheat,Ton th,217.0
"Annual, Ending mar Of Each Year", 3-2007,0.27,Karnataka,Wheat,Ton th,205.0
"Annual, Ending mar Of Each Year", 3-2008,0.28,Karnataka,Wheat,Ton th,261.0
"Annual, Ending mar Of Each Year", 3-2009,0.27,Karnataka,Wheat,Ton th,247.0
"Annual, Ending mar Of Each Year", 3-2010,0.283,Karnataka,Wheat,Ton th,251.0
"Annual, Ending mar Of Each Year", 3-2011,0.255,Karnataka,Wheat,Ton th,279.0
"Annual, Ending mar Of Each Year", 3-2012,0.23,Karnataka,Wheat,Ton th,190.0
"Annual, Ending mar Of Each Year", 3-2013,0.23,Karnataka,Wheat,Ton th,170.0
"Annual, Ending mar Of Each Year", 3-2005,4.14,MadhyaPradesh,Wheat,Ton th,7176.6
"Annual, Ending mar Of Each Year", 3-2006,3.69,MadhyaPradesh,Wheat,Ton th,5957.7
"Annual, Ending mar Of Each Year", 3-2007,3.99,MadhyaPradesh,Wheat,Ton th,7325.9
"Annual, Ending mar Of Each Year", 3-2008,3.74,MadhyaPradesh,Wheat,Ton th,6032.5
"Annual, Ending mar Of Each Year", 3-2009,3.79,MadhyaPradesh,Wheat,Ton th,6521.9
"Annual, Ending mar Of Each Year", 3-2010,4.2759,MadhyaPradesh,Wheat,Ton th,8410.0
"Annual, Ending mar Of Each Year", 3-2011,4.341,MadhyaPradesh,Wheat,Ton th,7627.0
"Annual, Ending mar Of Each Year", 3-2012,4.89,MadhyaPradesh,Wheat,Ton th,11540.0
"Annual, Ending mar Of Each Year", 3-2013,5.3,MadhyaPradesh,Wheat,Ton th,13130.0
"Annual, Ending mar Of Each Year", 3-2005,0.76,Maharashtra,Wheat,Ton th,1016.0
"Annual, Ending mar Of Each Year", 3-2006,0.93,Maharashtra,Wheat,Ton th,1300.0
"Annual, Ending mar Of Each Year", 3-2007,1.23,Maharashtra,Wheat,Ton th,1631.1
"Annual, Ending mar Of Each Year", 3-2008,1.25,Maharashtra,Wheat,Ton th,2078.7
"Annual, Ending mar Of Each Year", 3-2009,1.02,Maharashtra,Wheat,Ton th,1516.0
"Annual, Ending mar Of Each Year", 3-2010,1.081,Maharashtra,Wheat,Ton th,1740.0
"Annual, Ending mar Of Each Year", 3-2011,1.307,Maharashtra,Wheat,Ton th,2301.0
"Annual, Ending mar Of Each Year", 3-2012,0.84,Maharashtra,Wheat,Ton th,1310.0
"Annual, Ending mar Of Each Year", 3-2013,0.59,Maharashtra,Wheat,Ton th,880.0
"Annual, Ending mar Of Each Year", 3-2005,3.48,Punjab,Wheat,Ton th,14698.0
"Annual, Ending mar Of Each Year", 3-2006,3.47,Punjab,Wheat,Ton th,14493.0
"Annual, Ending mar Of Each Year", 3-2007,3.47,Punjab,Wheat,Ton th,14596.0
"Annual, Ending mar Of Each Year", 3-2008,3.49,Punjab,Wheat,Ton th,15720.0
"Annual, Ending mar Of Each Year", 3-2009,3.53,Punjab,Wheat,Ton th,15733.0
"Annual, Ending mar Of Each Year", 3-2010,3.522,Punjab,Wheat,Ton th,15169.0
"Annual, Ending mar Of Each Year", 3-2011,3.51,Punjab,Wheat,Ton th,16472.0
"Annual, Ending mar Of Each Year", 3-2012,3.53,Punjab,Wheat,Ton th,17280.0
"Annual, Ending mar Of Each Year", 3-2013,3.52,Punjab,Wheat,Ton th,16110.0
"Annual, Ending mar Of Each Year", 3-2005,2.01,Rajasthan,Wheat,Ton th,5706.6
"Annual, Ending mar Of Each Year", 3-2006,2.12,Rajasthan,Wheat,Ton th,5865.3
"Annual, Ending mar Of Each Year", 3-2007,2.56,Rajasthan,Wheat,Ton th,7055.8
"Annual, Ending mar Of Each Year", 3-2008,2.59,Rajasthan,Wheat,Ton th,7124.9
"Annual, Ending mar Of Each Year", 3-2009,2.29,Rajasthan,Wheat,Ton th,7287.0
"Annual, Ending mar Of Each Year", 3-2010,2.3942,Rajasthan,Wheat,Ton th,7500.9
"Annual, Ending mar Of Each Year", 3-2011,2.479,Rajasthan,Wheat,Ton th,7215.0
"Annual, Ending mar Of Each Year", 3-2012,2.94,Rajasthan,Wheat,Ton th,9320.0
"Annual, Ending mar Of Each Year", 3-2013,2.82,Rajasthan,Wheat,Ton th,8950.0
"Annual, Ending mar Of Each Year", 3-2005,9.0,UttarPradesh,Wheat,Ton th,22513.9
"Annual, Ending mar Of Each Year", 3-2006,9.16,UttarPradesh,Wheat,Ton th,24073.8
"Annual, Ending mar Of Each Year", 3-2007,9.2,UttarPradesh,Wheat,Ton th,25031.0
"Annual, Ending mar Of Each Year", 3-2008,9.12,UttarPradesh,Wheat,Ton th,25679.0
"Annual, Ending mar Of Each Year", 3-2009,9.51,UttarPradesh,Wheat,Ton th,28554.0
"Annual, Ending mar Of Each Year", 3-2010,9.668,UttarPradesh,Wheat,Ton th,27518.0
"Annual, Ending mar Of Each Year", 3-2011,9.637,UttarPradesh,Wheat,Ton th,30001.0
"Annual, Ending mar Of Each Year", 3-2012,9.73,UttarPradesh,Wheat,Ton th,30290.0
"Annual, Ending mar Of Each Year", 3-2013,9.73,UttarPradesh,Wheat,Ton th,30300.0
"Annual, Ending mar Of Each Year", 3-2005,0.39,Uttaranchal,Wheat,Ton th,803.0
"Annual, Ending mar Of Each Year", 3-2006,0.4,Uttaranchal,Wheat,Ton th,645.0
"Annual, Ending mar Of Each Year", 3-2007,0.39,Uttaranchal,Wheat,Ton th,801.0
"Annual, Ending mar Of Each Year", 3-2008,0.4,Uttaranchal,Wheat,Ton th,814.0
"Annual, Ending mar Of Each Year", 3-2009,0.4,Uttaranchal,Wheat,Ton th,797.0
"Annual, Ending mar Of Each Year", 3-2010,0.395,Uttaranchal,Wheat,Ton th,845.0
"Annual, Ending mar Of Each Year", 3-2011,0.379,Uttaranchal,Wheat,Ton th,878.0
"Annual, Ending mar Of Each Year", 3-2012,0.37,Uttaranchal,Wheat,Ton th,880.0
"Annual, Ending mar Of Each Year", 3-2013,0.36,Uttaranchal,Wheat,Ton th,840.0
"Annual, Ending mar Of Each Year", 3-2005,0.4,WestBengal,Wheat,Ton th,841.5
"Annual, Ending mar Of Each Year", 3-2006,0.37,WestBengal,Wheat,Ton th,773.5
"Annual, Ending mar Of Each Year", 3-2007,0.35,WestBengal,Wheat,Ton th,799.9
"Annual, Ending mar Of Each Year", 3-2008,0.35,WestBengal,Wheat,Ton th,917.3
"Annual, Ending mar Of Each Year", 3-2009,0.31,WestBengal,Wheat,Ton th,764.5
"Annual, Ending mar Of Each Year", 3-2010,0.3159,WestBengal,Wheat,Ton th,846.7
"Annual, Ending mar Of Each Year", 3-2011,0.317,WestBengal,Wheat,Ton th,874.0
"Annual, Ending mar Of Each Year", 3-2012,0.32,WestBengal,Wheat,Ton th,870.0
"Annual, Ending mar Of Each Year", 3-2013,0.32,WestBengal,Wheat,Ton th,910.0
"Annual, Ending mar Of Each Year", 3-2005,1.37,AndhraPradesh,Coarse,Ton th,2771.0
"Annual, Ending mar Of Each Year", 3-2006,1.39,AndhraPradesh,Coarse,Ton th,3862.0
"Annual, Ending mar Of Each Year", 3-2007,1.3,AndhraPradesh,Coarse,Ton th,3001.0
"Annual, Ending mar Of Each Year", 3-2008,1.28,AndhraPradesh,Coarse,Ton th,4274.0
"Annual, Ending mar Of Each Year", 3-2009,1.27,AndhraPradesh,Coarse,Ton th,4716.0
"Annual, Ending mar Of Each Year", 3-2010,1.28,AndhraPradesh,Coarse,Ton th,3318.0
"Annual, Ending mar Of Each Year", 3-2011,1.14,AndhraPradesh,Coarse,Ton th,4348.8
"Annual, Ending mar Of Each Year", 3-2012,1.25,AndhraPradesh,Coarse,Ton th,4230.0
"Annual, Ending mar Of Each Year", 3-2013,1.41,AndhraPradesh,Coarse,Ton th,5440.0
"Annual, Ending mar Of Each Year", 3-2005,0.66,Bihar,Coarse,Ton th,1501.9
"Annual, Ending mar Of Each Year", 3-2006,0.7,Bihar,Coarse,Ton th,1405.5
"Annual, Ending mar Of Each Year", 3-2007,0.69,Bihar,Coarse,Ton th,1759.7
"Annual, Ending mar Of Each Year", 3-2008,0.69,Bihar,Coarse,Ton th,1498.5
"Annual, Ending mar Of Each Year", 3-2009,0.68,Bihar,Coarse,Ton th,1751.3
"Annual, Ending mar Of Each Year", 3-2010,0.66,Bihar,Coarse,Ton th,1508.1
"Annual, Ending mar Of Each Year", 3-2011,0.69,Bihar,Coarse,Ton th,1338.2
"Annual, Ending mar Of Each Year", 3-2012,0.71,Bihar,Coarse,Ton th,1650.0
"Annual, Ending mar Of Each Year", 3-2013,0.72,Bihar,Coarse,Ton th,2370.0
"Annual, Ending mar Of Each Year", 3-2005,0.35,Chhattisgarh,Coarse,Ton th,189.5
"Annual, Ending mar Of Each Year", 3-2006,0.35,Chhattisgarh,Coarse,Ton th,159.3
"Annual, Ending mar Of Each Year", 3-2007,0.33,Chhattisgarh,Coarse,Ton th,178.3
"Annual, Ending mar Of Each Year", 3-2008,0.32,Chhattisgarh,Coarse,Ton th,229.7
"Annual, Ending mar Of Each Year", 3-2009,0.28,Chhattisgarh,Coarse,Ton th,184.4
"Annual, Ending mar Of Each Year", 3-2010,0.27,Chhattisgarh,Coarse,Ton th,181.8
"Annual, Ending mar Of Each Year", 3-2011,0.28,Chhattisgarh,Coarse,Ton th,205.4
"Annual, Ending mar Of Each Year", 3-2012,0.27,Chhattisgarh,Coarse,Ton th,210.0
"Annual, Ending mar Of Each Year", 3-2013,0.26,Chhattisgarh,Coarse,Ton th,240.0
"Annual, Ending mar Of Each Year", 3-2005,1.6,Gujarat,Coarse,Ton th,1734.5
"Annual, Ending mar Of Each Year", 3-2006,1.61,Gujarat,Coarse,Ton th,1836.0
"Annual, Ending mar Of Each Year", 3-2007,1.63,Gujarat,Coarse,Ton th,1516.0
"Annual, Ending mar Of Each Year", 3-2008,1.57,Gujarat,Coarse,Ton th,2151.0
"Annual, Ending mar Of Each Year", 3-2009,1.44,Gujarat,Coarse,Ton th,1976.0
"Annual, Ending mar Of Each Year", 3-2010,1.4,Gujarat,Coarse,Ton th,1600.0
"Annual, Ending mar Of Each Year", 3-2011,1.55,Gujarat,Coarse,Ton th,1755.2
"Annual, Ending mar Of Each Year", 3-2012,1.59,Gujarat,Coarse,Ton th,2230.0
"Annual, Ending mar Of Each Year", 3-2013,1.25,Gujarat,Coarse,Ton th,2070.0
"Annual, Ending mar Of Each Year", 3-2005,0.71,Haryana,Coarse,Ton th,882.0
"Annual, Ending mar Of Each Year", 3-2006,0.72,Haryana,Coarse,Ton th,813.0
"Annual, Ending mar Of Each Year", 3-2007,0.76,Haryana,Coarse,Ton th,1197.0
"Annual, Ending mar Of Each Year", 3-2008,0.77,Haryana,Coarse,Ton th,1357.0
"Annual, Ending mar Of Each Year", 3-2009,0.76,Haryana,Coarse,Ton th,1329.4
"Annual, Ending mar Of Each Year", 3-2010,0.71,Haryana,Coarse,Ton th,1132.0
"Annual, Ending mar Of Each Year", 3-2011,0.78,Haryana,Coarse,Ton th,1369.0
"Annual, Ending mar Of Each Year", 3-2012,0.69,Haryana,Coarse,Ton th,1390.0
"Annual, Ending mar Of Each Year", 3-2013,0.52,Haryana,Coarse,Ton th,1000.0
"Annual, Ending mar Of Each Year", 3-2005,0.36,HimachalPradesh,Coarse,Ton th,788.2
"Annual, Ending mar Of Each Year", 3-2006,0.33,HimachalPradesh,Coarse,Ton th,570.7
"Annual, Ending mar Of Each Year", 3-2007,0.33,HimachalPradesh,Coarse,Ton th,728.2
"Annual, Ending mar Of Each Year", 3-2008,0.33,HimachalPradesh,Coarse,Ton th,896.2
"Annual, Ending mar Of Each Year", 3-2009,0.33,HimachalPradesh,Coarse,Ton th,712.1
"Annual, Ending mar Of Each Year", 3-2010,0.32,HimachalPradesh,Coarse,Ton th,563.5
"Annual, Ending mar Of Each Year", 3-2011,0.33,HimachalPradesh,Coarse,Ton th,713.5
"Annual, Ending mar Of Each Year", 3-2012,0.32,HimachalPradesh,Coarse,Ton th,750.0
"Annual, Ending mar Of Each Year", 3-2013,0.31,HimachalPradesh,Coarse,Ton th,670.0
"Annual, Ending mar Of Each Year", 3-2005,0.36,JammuandKashmir,Coarse,Ton th,517.3
"Annual, Ending mar Of Each Year", 3-2006,0.35,JammuandKashmir,Coarse,Ton th,467.7
"Annual, Ending mar Of Each Year", 3-2007,0.37,JammuandKashmir,Coarse,Ton th,512.3
"Annual, Ending mar Of Each Year", 3-2008,0.35,JammuandKashmir,Coarse,Ton th,499.5
"Annual, Ending mar Of Each Year", 3-2009,0.36,JammuandKashmir,Coarse,Ton th,660.4
"Annual, Ending mar Of Each Year", 3-2010,0.36,JammuandKashmir,Coarse,Ton th,513.3
"Annual, Ending mar Of Each Year", 3-2011,0.35,JammuandKashmir,Coarse,Ton th,550.7
"Annual, Ending mar Of Each Year", 3-2012,0.35,JammuandKashmir,Coarse,Ton th,530.0
"Annual, Ending mar Of Each Year", 3-2013,0.35,JammuandKashmir,Coarse,Ton th,540.0
"Annual, Ending mar Of Each Year", 3-2005,0.25,Jharkhand,Coarse,Ton th,324.1
"Annual, Ending mar Of Each Year", 3-2006,0.22,Jharkhand,Coarse,Ton th,259.6
"Annual, Ending mar Of Each Year", 3-2007,0.29,Jharkhand,Coarse,Ton th,332.0
"Annual, Ending mar Of Each Year", 3-2008,0.29,Jharkhand,Coarse,Ton th,386.4
"Annual, Ending mar Of Each Year", 3-2009,0.26,Jharkhand,Coarse,Ton th,333.9
"Annual, Ending mar Of Each Year", 3-2010,0.21,Jharkhand,Coarse,Ton th,216.9
"Annual, Ending mar Of Each Year", 3-2011,0.25,Jharkhand,Coarse,Ton th,268.2
"Annual, Ending mar Of Each Year", 3-2012,0.23,Jharkhand,Coarse,Ton th,330.0
"Annual, Ending mar Of Each Year", 3-2013,0.25,Jharkhand,Coarse,Ton th,410.0
"Annual, Ending mar Of Each Year", 3-2005,3.91,Karnataka,Coarse,Ton th,5977.0
"Annual, Ending mar Of Each Year", 3-2006,3.88,Karnataka,Coarse,Ton th,6564.0
"Annual, Ending mar Of Each Year", 3-2007,3.41,Karnataka,Coarse,Ton th,5055.0
"Annual, Ending mar Of Each Year", 3-2008,3.8,Karnataka,Coarse,Ton th,6943.0
"Annual, Ending mar Of Each Year", 3-2009,3.59,Karnataka,Coarse,Ton th,6254.0
"Annual, Ending mar Of Each Year", 3-2010,3.71,Karnataka,Coarse,Ton th,5895.0
"Annual, Ending mar Of Each Year", 3-2011,3.65,Karnataka,Coarse,Ton th,7501.0
"Annual, Ending mar Of Each Year", 3-2012,3.48,Karnataka,Coarse,Ton th,6810.0
"Annual, Ending mar Of Each Year", 3-2013,3.59,Karnataka,Coarse,Ton th,6150.0
"Annual, Ending mar Of Each Year", 3-2005,2.19,MadhyaPradesh,Coarse,Ton th,2330.0
"Annual, Ending mar Of Each Year", 3-2006,2.04,MadhyaPradesh,Coarse,Ton th,2348.4
"Annual, Ending mar Of Each Year", 3-2007,2.02,MadhyaPradesh,Coarse,Ton th,1849.6
"Annual, Ending mar Of Each Year", 3-2008,1.96,MadhyaPradesh,Coarse,Ton th,2122.5
"Annual, Ending mar Of Each Year", 3-2009,1.89,MadhyaPradesh,Coarse,Ton th,2149.9
"Annual, Ending mar Of Each Year", 3-2010,1.8,MadhyaPradesh,Coarse,Ton th,2041.2
"Annual, Ending mar Of Each Year", 3-2011,1.76,MadhyaPradesh,Coarse,Ton th,2166.3
"Annual, Ending mar Of Each Year", 3-2012,1.77,MadhyaPradesh,Coarse,Ton th,2470.0
"Annual, Ending mar Of Each Year", 3-2013,1.64,MadhyaPradesh,Coarse,Ton th,2530.0
"Annual, Ending mar Of Each Year", 3-2005,6.95,Maharashtra,Coarse,Ton th,5696.7
"Annual, Ending mar Of Each Year", 3-2006,6.87,Maharashtra,Coarse,Ton th,6087.0
"Annual, Ending mar Of Each Year", 3-2007,6.86,Maharashtra,Coarse,Ton th,6141.0
"Annual, Ending mar Of Each Year", 3-2008,6.32,Maharashtra,Coarse,Ton th,7093.0
"Annual, Ending mar Of Each Year", 3-2009,5.79,Maharashtra,Coarse,Ton th,5971.6
"Annual, Ending mar Of Each Year", 3-2010,6.19,Maharashtra,Coarse,Ton th,6293.3
"Annual, Ending mar Of Each Year", 3-2011,6.17,Maharashtra,Coarse,Ton th,6959.0
"Annual, Ending mar Of Each Year", 3-2012,5.2,Maharashtra,Coarse,Ton th,6120.0
"Annual, Ending mar Of Each Year", 3-2013,4.69,Maharashtra,Coarse,Ton th,4360.0
"Annual, Ending mar Of Each Year", 3-2005,0.18,Orissa,Coarse,Ton th,169.1
"Annual, Ending mar Of Each Year", 3-2006,0.17,Orissa,Coarse,Ton th,159.9
"Annual, Ending mar Of Each Year", 3-2007,0.16,Orissa,Coarse,Ton th,162.4
"Annual, Ending mar Of Each Year", 3-2008,0.17,Orissa,Coarse,Ton th,210.4
"Annual, Ending mar Of Each Year", 3-2009,0.16,Orissa,Coarse,Ton th,191.7
"Annual, Ending mar Of Each Year", 3-2010,0.17,Orissa,Coarse,Ton th,230.4
"Annual, Ending mar Of Each Year", 3-2011,0.21,Orissa,Coarse,Ton th,364.0
"Annual, Ending mar Of Each Year", 3-2012,0.19,Orissa,Coarse,Ton th,260.0
"Annual, Ending mar Of Each Year", 3-2013,0.18,Orissa,Coarse,Ton th,290.0
"Annual, Ending mar Of Each Year", 3-2005,0.19,Punjab,Coarse,Ton th,504.0
"Annual, Ending mar Of Each Year", 3-2006,0.18,Punjab,Coarse,Ton th,472.0
"Annual, Ending mar Of Each Year", 3-2007,0.18,Punjab,Coarse,Ton th,552.0
"Annual, Ending mar Of Each Year", 3-2008,0.18,Punjab,Coarse,Ton th,583.1
"Annual, Ending mar Of Each Year", 3-2009,0.18,Punjab,Coarse,Ton th,575.1
"Annual, Ending mar Of Each Year", 3-2010,0.16,Punjab,Coarse,Ton th,527.1
"Annual, Ending mar Of Each Year", 3-2011,0.15,Punjab,Coarse,Ton th,540.0
"Annual, Ending mar Of Each Year", 3-2012,0.14,Punjab,Coarse,Ton th,550.0
"Annual, Ending mar Of Each Year", 3-2013,0.15,Punjab,Coarse,Ton th,530.0
"Annual, Ending mar Of Each Year", 3-2005,6.37,Rajasthan,Coarse,Ton th,4956.4
"Annual, Ending mar Of Each Year", 3-2006,6.77,Rajasthan,Coarse,Ton th,4528.6
"Annual, Ending mar Of Each Year", 3-2007,6.82,Rajasthan,Coarse,Ton th,5501.9
"Annual, Ending mar Of Each Year", 3-2008,7.02,Rajasthan,Coarse,Ton th,7121.4
"Annual, Ending mar Of Each Year", 3-2009,7.1,Rajasthan,Coarse,Ton th,7325.7
"Annual, Ending mar Of Each Year", 3-2010,7.23,Rajasthan,Coarse,Ton th,3907.2
"Annual, Ending mar Of Each Year", 3-2011,7.7,Rajasthan,Coarse,Ton th,7995.5
"Annual, Ending mar Of Each Year", 3-2012,6.91,Rajasthan,Coarse,Ton th,7460.0
"Annual, Ending mar Of Each Year", 3-2013,5.98,Rajasthan,Coarse,Ton th,6910.0
"Annual, Ending mar Of Each Year", 3-2005,0.82,TamilNadu,Coarse,Ton th,868.0
"Annual, Ending mar Of Each Year", 3-2006,0.74,TamilNadu,Coarse,Ton th,730.2
"Annual, Ending mar Of Each Year", 3-2007,0.7,TamilNadu,Coarse,Ton th,1361.9
"Annual, Ending mar Of Each Year", 3-2008,0.7,TamilNadu,Coarse,Ton th,1357.1
"Annual, Ending mar Of Each Year", 3-2009,0.72,TamilNadu,Coarse,Ton th,1755.1
"Annual, Ending mar Of Each Year", 3-2010,0.65,TamilNadu,Coarse,Ton th,1642.0
"Annual, Ending mar Of Each Year", 3-2011,0.63,TamilNadu,Coarse,Ton th,1878.2
"Annual, Ending mar Of Each Year", 3-2012,0.64,TamilNadu,Coarse,Ton th,2320.0
"Annual, Ending mar Of Each Year", 3-2013,0.7,TamilNadu,Coarse,Ton th,1650.0
"Annual, Ending mar Of Each Year", 3-2005,2.15,UttarPradesh,Coarse,Ton th,3391.8
"Annual, Ending mar Of Each Year", 3-2006,2.15,UttarPradesh,Coarse,Ton th,2971.2
"Annual, Ending mar Of Each Year", 3-2007,2.2,UttarPradesh,Coarse,Ton th,3084.4
"Annual, Ending mar Of Each Year", 3-2008,2.1,UttarPradesh,Coarse,Ton th,3058.9
"Annual, Ending mar Of Each Year", 3-2009,1.99,UttarPradesh,Coarse,Ton th,3080.2
"Annual, Ending mar Of Each Year", 3-2010,1.93,UttarPradesh,Coarse,Ton th,2968.8
"Annual, Ending mar Of Each Year", 3-2011,2.06,UttarPradesh,Coarse,Ton th,3216.6
"Annual, Ending mar Of Each Year", 3-2012,2.03,UttarPradesh,Coarse,Ton th,3570.0
"Annual, Ending mar Of Each Year", 3-2013,2.0,UttarPradesh,Coarse,Ton th,3690.0
"Annual, Ending mar Of Each Year", 3-2005,0.29,Uttaranchal,Coarse,Ton th,358.0
"Annual, Ending mar Of Each Year", 3-2006,0.27,Uttaranchal,Coarse,Ton th,323.0
"Annual, Ending mar Of Each Year", 3-2007,0.26,Uttaranchal,Coarse,Ton th,344.0
"Annual, Ending mar Of Each Year", 3-2008,0.26,Uttaranchal,Coarse,Ton th,339.0
"Annual, Ending mar Of Each Year", 3-2009,0.27,Uttaranchal,Coarse,Ton th,347.0
"Annual, Ending mar Of Each Year", 3-2010,0.26,Uttaranchal,Coarse,Ton th,297.0
"Annual, Ending mar Of Each Year", 3-2011,0.26,Uttaranchal,Coarse,Ton th,334.0
"Annual, Ending mar Of Each Year", 3-2012,0.25,Uttaranchal,Coarse,Ton th,330.0
"Annual, Ending mar Of Each Year", 3-2013,0.25,Uttaranchal,Coarse,Ton th,340.0
"Annual, Ending mar Of Each Year", 3-2005,0.07,WestBengal,Coarse,Ton th,162.0
"Annual, Ending mar Of Each Year", 3-2006,0.07,WestBengal,Coarse,Ton th,150.3
"Annual, Ending mar Of Each Year", 3-2007,0.11,WestBengal,Coarse,Ton th,274.7
"Annual, Ending mar Of Each Year", 3-2008,0.1,WestBengal,Coarse,Ton th,265.8
"Annual, Ending mar Of Each Year", 3-2009,0.11,WestBengal,Coarse,Ton th,365.4
"Annual, Ending mar Of Each Year", 3-2010,0.11,WestBengal,Coarse,Ton th,404.0
"Annual, Ending mar Of Each Year", 3-2011,0.1,WestBengal,Coarse,Ton th,407.9
"Annual, Ending mar Of Each Year", 3-2012,0.11,WestBengal,Coarse,Ton th,380.0
"Annual, Ending mar Of Each Year", 3-2013,0.12,WestBengal,Coarse,Ton th,630.0
